人物id;人物名;Rank
1;主角;白
1050112001;散发药味的丹炉;蓝
1050112002;穆平志;白
1050112003;发狂的侠客;紫
1050112004;熊魁梧;金
1050112005;仇不均;金
1050112006;任千尺;橙
1190314001;东方龙城;紫
1170301001;周芷兰;暗金
1170301002;明远师太;金
1170301003;明虚师太;金
1170301004;张怀瑾;橙
1170301005;孤绝师太;暗金
1170301007;燕子复;金
1170301008;静心;蓝
1170301009;静思;绿
1170301010;静念;紫
1000018003;风冲;橙
1100325001;苏银河;金
1100325002;南宫然;金
1100325003;南宫离;橙
1240314001;彭和尚;金
1240314002;陈如风;蓝
1230201001;村民;白
1230201002;村民;白
1230201003;村民;白
1000014012;黑米;蓝
1220301001;欧阳骄;暗金
1220301002;上官春;金
1110221003;莫折枝;金
100000000;铁光誉;金
100000001;成子濯;橙
100000002;孙建业;蓝
100000003;王嘉德;紫
100000004;孟语堂;绿
100000005;汤笙;橙
100000006;茅俊贤;绿
100000007;方乃亮;橙
100000008;郁继林;白
1150325001;汤玄鳄;金
1150325002;费玄杉;金
1150325003;陆玄松;金
1150325004;丁玄免;金
100000013;孟力;白
100000014;秦天;金
100000015;方国兴;橙
100000016;郁德运;橙
1290314001;公孙荷;绿
1290314002;唐百虎;金
100000019;郁化;橙
100000020;柴兰;绿
100000021;林德运;绿
100000022;汤建业;紫
100000023;金其乐;金
100000024;秦嘉誉;暗金
100000025;木曾琪;紫
100000026;韦俊彼;绿
100000027;毕翰飞;白
100000028;郁华荣;蓝
100000029;司徒伟志;绿
100000030;公虎;绿
100000031;沐曾琪;橙
100000032;萧德运;蓝
100000033;萧俊彼;绿
100000034;何安;绿
100000035;汤原;蓝
100000036;万汇;白
100000037;柴山;暗金
100000038;马三;白
100000039;铁巴;橙
100000040;张庆;绿
100000041;钱安;白
100000042;梁安;金
100000043;公杭;紫
100000044;陈伟志;绿
100000045;郁涛;暗金
100000046;林和风;紫
100000047;卜坊;绿
100000048;周安;紫
100000049;茅普存;橙
100000050;于俊彼;橙
100000051;蒋本;绿
100000052;潘含;绿
100000053;牛建;白
100000054;于盼;橙
100000055;欧阳力;金
100000056;韦乃亮;暗金
100000057;叶子濯;绿
100000058;崔博远;橙
100000059;茅乐心;绿
100000060;贾奉;白
100000061;汤诸;紫
100000062;赵灵波;绿
100000063;牛安邦;绿
100000064;钱学博;绿
100000065;厉前;白
100000066;蒋晓;紫
100000067;欧阳克;紫
100000068;张其乐;白
100000069;张继林;绿
100000070;方乃亮;蓝
100000071;班胜;绿
100000072;毕语琦;绿
1270301001;黄齐山;暗金
1270301002;安顺高;绿
1270301003;易十更;紫
1270301004;傅清儿;蓝
1270301005;王舒云;金
1270301006;黄寿丹;橙
100000079;安含;紫
100000080;钱文敏;紫
1070322001;天龙寺弟子;紫
1040114002;紫禁城护卫;蓝
1040114003;姜富贵;绿
1040114004;赵珍笼;绿
100000085;韦和硕;橙
100000086;公孙古云;绿
100000087;段幻珊;橙
100000088;茅莘莘;橙
100000089;贾鸿轩;蓝
100000090;沙文瑞;蓝
100000091;铁坊;白
100000092;孙凡;橙
100000093;吕亨;橙
100000094;安民;紫
100000095;祝翰飞;金
100000096;顾以晴;橙
100000097;铁丰;绿
100000098;方小玉;绿
100000099;崔笙;金
100000100;萧光誉;紫
100000101;郁岩;紫
100000102;班朋;白
100000103;成盼;紫
100000104;于民;橙
1120113001;杨雪峰;橙
100000106;贾嘉胜;绿
100000107;林慕;橙
100000108;萧誉;紫
100000109;云兰;橙
100000110;贾南;绿
100000111;郁采文;橙
100000112;凌翠;绿
1030214001;盖啸天;橙
1030214002;钱庄保镖;紫
1030214003;钱庄混混;蓝
100000116;张莉莉;蓝
100000117;凌叶春;暗金
100000118;萧冬菱;蓝
100000119;厉雅畅;蓝
100000120;厉天;绿
1030214009;老板娘;橙
1030214010;谢无悠;橙
100000123;司徒文敏;紫
100000124;钱玉;紫
100000125;吴雪;绿
100000126;李顺;蓝
100000127;云乃亮;橙
100000128;林沁;蓝
100000129;郑胜;紫
100000130;李亨;紫
100000131;潘茗;绿
100000132;张瑰玮;紫
100000133;慕容雅畅;绿
100000134;万涛;金
100000135;公力;白
100000136;汤浩博;白
1020101001;阿刚;白
1020101002;阿羿;白
1020101003;阿月;白
1020101004;包子;绿
1020101005;小木桩;白
100000142;云宏伯;橙
100000143;毕宏厚;紫
100000144;方以晴;绿
100000145;马和硕;蓝
100000146;卜翰飞;蓝
100000147;茅根;紫
100000148;孙和硕;绿
100000149;公博远;金
100000150;孟烟;白
100000151;司徒奉;蓝
100000152;吴含;橙
100000153;安友;蓝
100000154;毕宏伯;蓝
100000155;安雪;绿
100000156;沙建;白
100000157;柴曼;紫
100000158;孟本;紫
100000159;铁子昂;橙
100000160;叶晨;蓝
100000161;蒋玲然;紫
100000162;吕凡;紫
100000163;木向雁;蓝
100000164;钱盼;金
100000165;郁彤;橙
100000166;茅宏伯;金
100000167;孟安;绿
100000168;崔奉;白
1010201001;峨嵋派师姐;紫
100000170;何育;橙
100000171;马子杰;白
100000172;郑沁;白
100000173;李冬菱;绿
100000174;马博远;蓝
100000175;沙盼;紫
100000176;公孙俊逸;蓝
100000177;孟宝;金
100000178;于曾琪;金
100000179;司徒理全;紫
100000180;于香雪;橙
100000181;皇甫宫;金
100000182;吴雪;绿
100000183;宫根;绿
100000184;公柔;绿
100000185;公孙乐心;蓝
100000186;梁中;绿
100000187;皇甫向雁;绿
100000188;步朋;绿
100000189;公丁辰;蓝
100000190;华克;蓝
100000191;安亨;白
100000192;段浩博;绿
100000193;梁子杰;金
100000194;吕宏俊;金
100000195;铁修能;蓝
100000196;茅苹;绿
100000197;吕兰;绿
100000198;左丰;紫
100000199;卜泉;橙
100000200;蒋乃亮;蓝
100000201;叶安邦;金
100000202;何南;橙
100000203;万俊贤;橙
100000204;贾觅露;橙
100000205;欧阳承君;绿
100000206;吴南;暗金
100000207;钱叶春;紫
100000208;钟康安;橙
1120322001;左云舒;紫
1120322002;香字分舵弟子;紫
100000211;郁思;白
100000212;王含;绿
100000213;张漪;紫
100000214;钟水;紫
100000215;吕嘉德;金
100000216;郁化;蓝
100000217;王清;金
100000218;陈绿旋;紫
100000219;林宏俊;蓝
100000220;顾普存;暗金
100000221;柴茗;蓝
100000222;林心语;紫
100000223;吕光和;金
100000224;毕乐心;蓝
100000225;云菊;蓝
100000226;萧宏厚;蓝
100000227;郑俊贤;橙
100000228;段碧函;绿
100000229;铁盼;蓝
100000230;牛含易;橙
100000231;牛子杰;蓝
100000232;成梁宇;绿
1200321001;玉笙寒;橙
1200321002;金壮壮;橙
1200321003;花卷;橙
100000236;叶阳冰;金
100000237;秦思;绿
100000238;安雅畅;紫
100000239;毕俊逸;橙
100000240;于思;紫
100000241;牛俊彼;橙
100000242;毕翰飞;橙
100000243;左坚成;紫
100000244;秦山;橙
100000245;马克;紫
100000246;叶新;紫
100000247;金博远;绿
100000248;孟和美;蓝
100000249;段兰;金
100000250;公子昂;绿
100000251;华三;绿
100000252;蒋望慕;绿
100000253;贾语堂;橙
100000254;周浩歌;橙
100000255;厉叶芳;橙
100000256;欧阳翠;白
100000257;吴芝;蓝
100000258;李欣诺;紫
100000259;凌伟志;蓝
100000260;于康安;绿
100000261;蒋乐心;紫
100000262;汤莉莉;绿
100000263;茅子昂;橙
100000264;毕俊彼;绿
1250325001;南虚真人;金
1250325002;刘楚旋;金
1070101003;贺老保;绿
1250325004;孙卜二;金
1070101005;陈阿伯;绿
1070101006;朱大常;白
1070101007;高升洁;橙
1070101008;断眉僧;紫
1070314001;段正明;金
1070101010;查石头;蓝
1070101011;冷梅;蓝
1070101012;俞大力;紫
1070101013;古安和;紫
1070101014;朱下水;白
1070101015;段顺;绿
100000280;宫芝;橙
100000281;阳水;橙
100000282;孙融;蓝
100000283;何宫;绿
100000284;成筠;紫
100000285;木晓;紫
100000286;吴露;绿
100000287;欧阳向雁;绿
100000288;班彪;绿
100000289;柴子杰;橙
100000290;张博文;橙
100000291;牛丹;蓝
100000292;崔谷冬;橙
100000293;崔莘莘;绿
100000294;钱光济;蓝
100000295;赵华荣;紫
100000296;云俊逸;绿
100000297;木本;白
100000298;吕奉;紫
100000299;萧原;绿
100000300;安凝然;蓝
100000301;宫丰;绿
100000302;木玉;金
100000303;秦宏伯;紫
100000304;潘萧玉;绿
100000305;周萧玉;白
100000306;欧阳中辉;绿
100000307;毕丰;橙
100000308;步悦;蓝
100000309;卜听露;金
100000310;贾俊逸;橙
100000311;方碧;绿
100000312;李燕;紫
100000313;华诗婷;橙
100000314;吕峰;蓝
100000315;陈语琦;白
100000316;慕容曼;白
100000317;段嘉德;金
100000318;张育;金
100000319;孙悦;绿
100000320;潘柔谨;蓝
100000321;木小玉;紫
100000322;于兰;绿
100000323;秦心慈;金
100000324;上官青香;绿
100000325;周傲;蓝
100000326;牛筠;蓝
100000327;成望慕;紫
100000328;周城;蓝
1050301001;伯牙子;橙
1050301002;马宁远;金
1050301003;总团练;紫
100000332;方雪;白
100000333;厉海瑛;绿
100000334;钱芷;绿
100000335;公子杰;白
100000336;叶菊;橙
1170322001;温鬓云;紫
100000338;安奉;金
100000339;万融;绿
100000340;钱宝;白
100000341;顾云;蓝
100000342;华语琦;绿
100000343;万兴运;蓝
100000344;周丁辰;紫
100000345;周欣诺;蓝
100000346;梁和美;白
100000347;叶雅畅;白
100000348;萧彤;橙
100000349;凌和美;绿
100000350;金融;金
100000351;金香雪;绿
100000352;吕沛儿;蓝
1220412001;白衣魔君;暗金
1220412002;沈冰;金
100000355;吕燕;紫
100000356;孟惠;蓝
100000357;司徒芷;金
100000358;金谷冬;橙
100000359;秦冬菱;紫
100000360;上官瑰玮;金
1220113001;韩归尘;橙
100000362;公孙瑰玮;绿
100000363;梁根;绿
100000364;公泉;紫
100000365;华融;白
100000366;毕俊贤;橙
100000367;何沁;紫
100000368;孙光誉;金
100000369;周伟志;绿
100000370;华叶春;金
100000371;何怀;紫
100000372;秦子濯;紫
100000373;柴宏俊;绿
100000374;林海瑛;金
100000375;方玉龙;紫
100000376;班和美;蓝
100000377;皇甫治;绿
100000378;李誉;蓝
100000379;木望慕;绿
100000380;牛沁;紫
100000381;木池;紫
100000382;马以晴;金
100000383;贾以晴;绿
100000384;林原;蓝
100000385;皇甫阳冰;紫
100000386;公青香;橙
100000387;何宏朗;橙
100000388;周和风;金
100000389;皇甫虎;蓝
100000390;马碧函;紫
100000391;柴华荣;蓝
100000392;铁翰飞;紫
100000393;公孙诸;蓝
100000394;孟海;橙
100000395;钱茗;橙
100000396;安含易;蓝
100000397;祝蓓;白
100000398;林宏厚;紫
100000399;司徒三;紫
100000400;成鸿轩;紫
1120314001;吕良策;金
100000402;公孙建业;暗金
100000403;钱云;紫
100000404;贾和玉;金
100000405;韦菊;暗金
100000406;赵静宜;金
100000407;万中;金
100000408;金思;蓝
100000409;木银;暗金
100000410;凌巴;紫
100000411;祝盼;紫
100000412;于涛;金
100000413;毕玉龙;紫
100000414;铁作人;白
100000415;柴菊;蓝
100000416;华朋;紫
100000417;上官作人;蓝
100000418;步本;橙
100000419;左奉;绿
100000420;宫储;白
100000421;李宏俊;绿
100000422;公孙汇;绿
100000423;上官俊逸;蓝
100000424;于语堂;橙
100000425;秦承君;紫
100000426;马池;橙
100000427;贾鹏宣;金
100000428;郑根;蓝
100000429;厉国兴;白
100000430;司徒筠;蓝
100000431;张沁;紫
100000432;韦碧函;紫
100000433;柴俊贤;蓝
100000434;步建业;绿
100000435;班城;绿
100000436;郑前;金
100000437;梁沛儿;蓝
100000438;赵巴;橙
100000439;萧炅;白
100000440;吴和风;橙
100000441;郁普存;紫
100000442;皇甫甲;绿
100000443;安光誉;蓝
100000444;茅胜;绿
100000445;崔胜;白
100000446;吕化;橙
100000447;铁伟志;橙
100000448;公孙奉;紫
100000449;于池;橙
100000450;萧青香;绿
100000451;段炅;绿
100000452;金漪;紫
100000453;牛惠;绿
100000454;叶丁辰;紫
100000455;蒋山;蓝
100000456;萧望慕;蓝
1100301001;周天涯;暗金
1100301002;安定荣;绿
1100301003;段华书;蓝
1100301004;顾月怡;紫
100000461;潘幻珊;绿
100000462;孟娅;蓝
100000463;吕瑾;暗金
100000464;潘漪;紫
1220322001;铁掌门弟子;紫
100000466;华莉莉;绿
100000467;上官晓槐;绿
100000468;钱冬菱;绿
100000469;潘芳蕙;紫
100000470;茅枫;蓝
100000471;慕容烟;紫
100000472;沙凝然;橙
100000473;萧傲;蓝
100000474;何语琦;蓝
100000475;萧芳蕙;紫
100000476;成蝶梦;金
100000477;于凝然;白
100000478;班娇;金
100000479;厉和美;橙
100000480;宫青香;金
1040012001;杨云儿;绿
100000482;汤莘莘;橙
100000483;柴流逸;金
100000484;段惠;紫
100000485;郁以晴;白
100000486;慕容香雪;绿
100000487;郑亚;橙
100000488;林柔谨;蓝
100000489;华思;蓝
100000490;安红;绿
100000491;牛芷;绿
100000492;梁炅;蓝
100000493;孟苹;紫
100000494;皇甫心慈;蓝
100000495;吕青曼;白
100000496;凌冰安;暗金
100000497;萧采文;橙
100000498;秦兰;蓝
100000499;李娅;紫
100000500;万晓槐;绿
100000501;欧阳音景;蓝
100000502;孙端雅;白
100000503;左银;金
100000504;孟慕;蓝
100000505;梁之;金
100000506;卜玲然;绿
100000507;何望慕;蓝
100000508;柴婷;紫
100000509;金流逸;紫
100000510;张芷;金
100000511;郑菊;橙
100000512;欧阳叶芳;绿
1030112001;善不为;橙
1030112002;小乞丐;绿
100000515;叶融;绿
100000516;公之;蓝
100000517;左曼;橙
100000518;王柔;白
100000519;张芳蕙;紫
100000520;班听露;白
100000521;万凡;白
100000522;秦茗;紫
100000523;柴音景;绿
100000524;萧海瑛;橙
100000525;周漪;橙
100000526;吴雪;金
100000527;铁冬菱;蓝
100000528;吕海瑛;紫
1170314001;明玄师太;金
100000530;卜凡;蓝
100000531;萧婷;橙
100000532;左之;橙
100000533;王凡;蓝
100000534;郁海瑛;绿
100000535;于盼曼;金
100000536;柴曼;绿
100000537;潘育;蓝
100000538;成灵波;橙
100000539;周学博;橙
100000540;皇甫安邦;蓝
100000541;周宏朗;橙
100000542;秦治;蓝
100000543;崔达;绿
100000544;卜浩歌;绿
100000545;陈中辉;紫
100000546;卜朋;蓝
100000547;茅宏厚;蓝
100000548;成天;紫
100000549;成子杰;紫
100000550;成乐心;绿
100000551;慕容云;橙
100000552;上官德运;蓝
100000553;柴池;暗金
100000554;吕翰飞;紫
100000555;公孙奉;橙
100000556;茅建业;暗金
100000557;毕岩;紫
100000558;铁伯;蓝
100000559;梁雅畅;紫
100000560;云作人;紫
100000561;段甲;金
100000562;木伯;紫
100000563;司徒乐心;绿
100000564;步理全;紫
100000565;陈诸;紫
100000566;万云;白
100000567;茅子昂;蓝
100000568;茅丹林;绿
100000569;吕根;蓝
100000570;慕容鹏宣;金
100000571;钱曾琪;紫
100000572;王壮;绿
100000573;柴子明;橙
100000574;钱擎天;橙
100000575;赵子昂;蓝
100000576;云顺;橙
100000577;步悦;金
100000578;钱庆;紫
100000579;毕和玉;紫
100000580;凌修能;金
100000581;柴新;绿
100000582;吴梁宇;绿
100000583;沙阳冰;绿
100000584;陈国兴;蓝
1150301001;游聚雄;蓝
1150301002;方钰;蓝
1150301003;弘音;金
1150301004;弘业;金
1150301005;了净;绿
1150301006;看门罗汉;绿
1150301007;长眉罗汉;绿
1150301008;举钵罗汉;蓝
1270322001;李青玄;紫
1150301010;沉思罗汉;蓝
1150301011;欢喜罗汉;紫
1150301012;静坐罗汉;紫
1150301013;降龙罗汉;橙
1150301014;伏虎罗汉;橙
1150301015;守经僧;暗金
1150301016;弘正方丈;暗金
1150301017;左宗禅;暗金
1150301018;张小肉;橙
1150301019;汤玄鳄;金
1150301020;汤玄鳄;金
1150301021;汤玄鳄;金
1150301022;蒋胜英;暗金
100000607;顾以晴;蓝
100000608;宫兰;紫
100000609;华娅;紫
100000610;韦兴运;蓝
100000611;段望慕;橙
100000612;宫曾琪;橙
100000613;慕容丹;橙
1150301030;了凡;绿
1150301031;了尘;绿
1150301032;了俗;蓝
1150301033;了世;紫
1150301034;居子瑜;绿
1150301035;赫良哲;绿
1150301036;程二狗;蓝
1150301037;孟香珊;紫
100000622;金梁宇;暗金
100000623;潘觅露;暗金
100000624;张柔谨;白
100000625;云幻珊;绿
100000626;何中辉;紫
100000627;潘光济;紫
100000628;马伯;白
100000629;梁乐;紫
100000630;钟宏厚;暗金
100000631;司徒涛;橙
100000632;马云;紫
1000027001;天命之人;暗金
1000027002;逆命之人;暗金
1000027003;不羁之人;暗金
1000027004;任侠之人;暗金
1000027005;玲珑之人;暗金
1000027006;狂进之士;暗金
1000027007;秉节之士;暗金
1000027008;降龙勇士;暗金
1000027009;世外剑圣;暗金
1000027010;富商巨贾;暗金
1000027011;万里刀客;暗金
1000027012;辟邪不败;暗金
1000027013;吸星老妖;暗金
1000027014;素心玉女;暗金
1000027015;毒手蛇蝎;暗金
1000027016;霸道盟主;暗金
100000649;郁朋;绿
100000650;顾含;蓝
100000651;木安邦;绿
100000652;段达;白
100000653;沐怀;紫
100000654;顾博远;紫
100000655;韦学博;白
100000656;周子濯;金
1220314001;欧阳止;金
1220314002;裘铁手;金
1000027027;武媚之人;暗金
1000027028;如意之人;暗金
1000027029;主角;暗金
100000662;郁谷冬;蓝
100000663;周和硕;紫
100000664;成其乐;绿
100000665;方前;紫
100000666;慕容华荣;白
100000667;司徒光誉;白
100000668;祝彪;橙
100000669;欧阳浩歌;橙
100000670;班盼;金
100000671;钱兰;金
100000672;张宏朗;紫
100000673;皇甫泉;绿
100000674;李梁宇;橙
100000675;陈储;紫
100000676;云新;紫
100000677;沙擎天;紫
100000678;牛光济;橙
100000679;张修能;暗金
100000680;万胜;暗金
1100121001;蒙六两;紫
100000682;茅泉;紫
100000683;吕乃亮;橙
100000684;司徒宏俊;紫
100000685;公怀;紫
100000686;凌小玉;紫
100000687;贾斯;绿
100000688;汤水;蓝
100000689;马子昂;橙
100000690;金诸;紫
100000691;何泉;金
100000692;萧望慕;白
100000693;萧和美;绿
100000694;马玉龙;蓝
100000695;吴静宜;金
100000696;司徒奉;紫
100000697;司徒娇;白
100000698;梁筠;蓝
100000699;凌柔;白
100000700;茅兰;紫
100000701;方伯;金
100000702;赵光和;蓝
100000703;秦冰安;白
100000704;左诸;绿
100000705;茅嘉胜;蓝
100000706;梁文敏;白
100000707;顾叶芳;蓝
100000708;卜晨;绿
100000709;段叶春;紫
100000710;吴嘉胜;蓝
100000711;林丰;紫
100000712;赵鸿轩;橙
1200301001;寒玄;橙
1200301002;小浪;橙
1090221003;杜岳昇;暗金
100000716;郁甲;金
100000717;凌盼曼;蓝
100000718;祝忆敏;紫
100000719;木莉莉;白
100000720;叶文敏;橙
100000721;赵语琦;紫
100000722;钱翠;紫
100000723;顾丹林;白
100000724;贾德运;紫
100000725;祝本;紫
100000726;阳鹏宣;蓝
100000727;蒋慕;白
100000728;孟博文;橙
100000729;阳甲;绿
100000730;汤柔谨;紫
100000731;张曼;绿
100000732;左心语;白
100000733;司徒晓槐;金
100000734;吕筠;绿
100000735;孙筠;紫
100000736;左蝶梦;蓝
100000737;凌露;白
100000738;叶之;紫
100000739;贾傅;紫
100000740;段甲;紫
100000741;沙斯;白
100000742;林青曼;绿
100000743;欧阳慕;绿
100000744;于清莹;绿
1050113001;平凡;橙
100000746;贾舒;绿
100000747;公孙莘莘;橙
100000748;孙育;绿
100000749;钟和美;橙
100000750;何蓓;蓝
100000751;孟俊贤;绿
100000752;沐心慈;暗金
100000753;金兰;紫
100000754;步诸;绿
100000755;萧巴;白
100000756;慕容欣诺;蓝
100000757;皇甫露;绿
100000758;祝玲然;金
100000759;方芝;蓝
100000760;安亚;绿
100000761;郁叶春;绿
100000762;崔青曼;绿
100000763;潘光和;绿
100000764;皇甫从;金
100000765;皇甫菊;蓝
100000766;赵心慈;绿
100000767;秦采文;紫
100000768;万觅露;紫
100000769;沐萧玉;紫
100000770;阳觅露;蓝
100000771;林歌韵;绿
100000772;茅婉;紫
100000773;方绿旋;白
100000774;吴清莹;紫
100000775;梁小玉;白
100000776;安觅露;橙
1270101001;傻姑;紫
1270101002;哑仆;紫
100000779;凌绿旋;紫
100000780;公盼曼;绿
100000781;赵之;蓝
100000782;陈嘉胜;绿
100000783;陈音景;绿
100000784;安兰;白
1270314001;曲入云;橙
100000786;萧清莹;紫
100000787;沙静琪;蓝
100000788;毕天;蓝
100000789;万子濯;蓝
100000790;孙香雪;白
100000791;成丹;橙
100000792;秦芳蕙;紫
100000793;崔曼;绿
100000794;王前;绿
100000795;吕凡;绿
100000796;公孙晓槐;暗金
100000797;张融;橙
100000798;慕容歌韵;暗金
100000799;汤婷;金
100000800;祝灵波;绿
100000801;万冷;绿
100000802;于晨;橙
100000803;潘南;白
100000804;马坊;金
100000805;班含桃;蓝
100000806;毕碧;金
100000807;柴傲;白
100000808;宫瑾;白
100000809;左和硕;蓝
100000810;沙凝然;白
100000811;华本;紫
100000812;韦承君;蓝
100000813;宫俊逸;金
100000814;贾曼;金
100000815;郑伟志;绿
100000816;郁含;绿
100000817;云含;紫
100000818;李之罗;橙
100000819;卜前;橙
100000820;上官俊逸;白
100000821;欧阳丹林;蓝
100000822;成文瑞;橙
100000823;周蓓;橙
100000824;牛化;绿
100000825;赵国兴;暗金
100000826;秦化;白
100000827;梁婉;紫
100000828;欧阳浩博;橙
100000829;叶乃亮;紫
100000830;沙雅畅;橙
100000831;沐嘉誉;蓝
100000832;祝冷;蓝
100000833;周和美;紫
100000834;公顺;紫
100000835;茅含;白
100000836;班丹;橙
100000837;万泉;蓝
100000838;潘浩博;白
100000839;叶悦;蓝
100000840;茅香雪;暗金
1140221001;白飞尘;暗金
1140221002;费冬蝉;紫
1140221003;华一葫;橙
1250301004;苏蝶;橙
1250301005;楚子中;绿
1250301006;于子正;紫
1250301007;韩子平;蓝
100000848;沐俊彼;白
1050322001;月梅庄家仆;紫
100000850;茅筠;白
100000851;成兴运;绿
100000852;步静宜;金
100000853;铁叶春;蓝
100000854;钱丁辰;暗金
100000855;木谷冬;紫
100000856;卜普存;蓝
100000857;皇甫清;绿
100000858;公孙彪;白
100000859;崔嘉胜;橙
100000860;潘向雁;绿
100000861;柴坊;紫
100000862;公孙枫;蓝
100000863;公博远;绿
100000864;班子杰;白
100000865;郑城;蓝
100000866;孟克;蓝
100000867;崔凝然;橙
100000868;张汇;蓝
100000869;金叶芳;紫
100000870;欧阳巴;绿
100000871;马露;绿
100000872;沙彤;蓝
1010001001;峨嵋弟子;紫
1010001002;张少爷;绿
1010001003;张氏;绿
1010001004;年迈的老太;白
1010001005;孩童;蓝
1010001006;张小乙;蓝
1010001007;宇文庄侠客2;绿
1010001008;宇文庄侠客3;绿
1010001009;长生门弟子;绿
1010001010;峨嵋派弟子;绿
1010001011;赤刀门弟子;绿
1010001012;武当派弟子;绿
1010001013;五毒教弟子;绿
1010001014;丐帮弟子;橙
1010001015;醉倒的官兵;紫
1010001016;扫地小二;金
1010001017;蓝鸣凰;金
1010001018;东方小亮;金
1010001019;张天师;金
1010001020;赤刀老祖;金
1010001021;孤绝师太;金
1010001022;张三丰;金
1010001023;齐天纵;紫
1010001024;云中郎;紫
1010001025;圆通禅师;紫
1010001026;秋月;紫
1010001027;江南水鬼;金
1010001028;漠北狂狮;金
1010001029;南虚道长;橙
1010001030;人面蜘蛛;橙
1010001031;张怀瑾;紫
1010001032;汤鸿宇;橙
1010001033;挑战奖励;白
1010001034;武当弟子;白
1010001035;吕良策;金
1010001036;田老六;白
1010001037;李小妹;白
1010001038;张小缨;紫
100000911;沙含桃;绿
100000912;班香雪;白
100000913;韦岩;绿
100000914;潘苹;紫
100000915;华宏伯;暗金
100000916;铁晨;紫
100000917;万静琪;蓝
100000918;金雪;绿
100000919;萧浩歌;绿
100000920;成修能;橙
1030223001;恶不作;橙
100000922;萧向雁;白
100000923;潘乐;紫
100000924;顾其乐;绿
100000925;步青香;蓝
100000926;秦慕;绿
100000927;王炅;橙
100000928;钟傲;白
100000929;方炅;紫
100000930;林灵波;橙
100000931;于宏伯;金
100000932;蒋治;橙
100000933;马浩歌;白
100000934;吴诗婷;紫
100000935;潘鸿轩;绿
100000936;赵冬菱;金
1200121001;肖长辞;紫
100000938;蒋蓓;金
1310201003;天山洞主;绿
1310201004;花不弃;绿
1310201005;岭山老道;绿
1310201006;污垢道人;绿
1310201007;无损道人;绿
1310201008;机关天师;绿
1310201009;天枢道人;绿
1310201010;开阳道人;绿
1310201011;天璇道人;绿
1310201012;天玑道人;绿
1310201013;摇光道人;绿
1310201014;玉衡道人;绿
1310201015;天权道人;绿
1310201016;不破和尚;绿
1310201017;东方潇潇;绿
1310201018;无名乞丐;绿
1310201019;浴火尊;绿
1310201020;无量寿佛;绿
1310201021;霸者;绿
1310201022;隐晦老者;绿
1310201023;噬心老者;绿
1310201024;噬血杀手;绿
1310201025;铁之赤;绿
1310201026;天心道人;绿
1310201027;铁之青;绿
1310201028;慕容晖;绿
1310201029;单不离;绿
1310201030;笑面生;绿
1310201031;剑尊;绿
1310201032;刀尊;绿
1300301001;方丈;橙
1310201034;拳尊;绿
1310201035;拳尊;绿
1310201036;棍尊;绿
1310201037;暗尊;绿
1310201038;求败;绿
1310201039;诡异女童;绿
1310201040;历战鬼佛;蓝
1070114001;六扇门大理守卫;蓝
1310201042;让三招;蓝
1070114003;云游;绿
1070114004;麦西川;蓝
1070114005;叶雨潇;橙
1310201046;邢安阳;橙
1310201047;仇不均;金
1310201048;游骥;紫
1310201049;游驹;紫
100000986;慕容普存;绿
1060001001;流浪武士;绿
1060001002;王龙;紫
1060001003;流浪武士;紫
1060001004;流浪武士;蓝
1060214001;铁战;橙
1000011001;正义的侠客;金
1000011002;峨嵋派弟子;蓝
1000011003;天阴教弟子;蓝
1000011004;正义的女侠;金
1000011005;正义的侠客;金
1000011006;正义的女侠;金
1000011007;何亭云;暗金
1000011008;白芊芊;暗金
1000011011;江灵露;橙
1050101001;五毒教弟子;橙
1230325002;意见欲;金
1050101003;苏锦伊;橙
1050101004;梁处仁;白
1050101005;祝茜;白
1050101006;陆郁;紫
1050101007;蔡夜;白
1050101008;杜小符;金
1050314001;黑白公;橙
1050101010;马肖尔;紫
1050101011;长生门弟子;蓝
1050101012;林致远;橙
1050101013;林鼎寒;紫
1050101014;林厉轩;紫
1050101015;林厉辉;紫
1050101017;马有财;蓝
1050101018;铁手;蓝
1050101019;龙门镖局弟子;金
1050101020;无辜的侠客;白
1000011043;田小六;暗金
1000011044;白衣教头目;金
1250121001;贺无章;紫
1040201002;严若芳;绿
1250121004;轩辕;暗金
1030301001;包仁公;金
1030301002;沈郁垒;橙
1030301003;秦朝;蓝
1030301004;倪飞绫;蓝
1150322001;玲珑家仆;绿
1150322002;龙门镖局弟子;紫
1150322003;了妄;紫
1100101001;李暗水;蓝
1100101002;李秋波;橙
1080301001;杨荷府;紫
1080301002;向鸿飞;金
1080301003;任窈窈;橙
1080301004;熊瑛;橙
1080301005;罗永;紫
1080301006;上官鹰;蓝
1080301007;韩无心;蓝
1080301008;薛宁来;蓝
1200322001;极光门弟子;橙
1080301010;赵不笑;蓝
1080301011;王大胆;绿
1080301012;崔苹;绿
1080301013;范文林;绿
1080301014;燃灯;金
1250113001;了尘;蓝
1250113002;了却;橙
1250113003;陆有友;蓝
1250113004;丛不悔;紫
1250113005;小蛤蟆;蓝
1250113006;洪天;蓝
1250113007;欧阳傲;蓝
1250113008;林笑傲;蓝
1250113009;殷回天;蓝
1250113010;梨亭舜;蓝
1250113011;血屠;蓝
1250113012;血晟;绿
1250113013;马莹樱;蓝
1250113014;王颖尔;橙
1250113015;曲友朝;金
1250113016;牧伶云;金
1250113017;承影;橙
1250113018;含光;橙
1250113019;李英琼;蓝
1250113020;周玄;蓝
1250113021;仪心;绿
1250113022;仪逸;蓝
1250113023;小紫儿;金
1250113024;蓝橘子;橙
1250113025;丁敏俊;蓝
1250113026;周慧丰;橙
1250113027;欧阳坷;紫
1250113028;冯克;蓝
1250113029;张无际;紫
1250113030;杨晓;蓝
1150101001;穆少秋;暗金
1150101002;全胜芳;金
1150101003;贾明;紫
1150101004;夏胜元;金
1150101005;孟胜刚;金
1150101006;李香明;紫
1150101007;杨香武;紫
1150101008;黄香泰;橙
1150314001;游莫之;绿
1150314002;弘清;橙
1140201001;长生门弟子;绿
1140201002;武锋;暗金
1130301001;黑风强盗;绿
1250322001;玉女派弟子;橙
1250322002;全真教弟子;紫
1060112002;薛奏史;紫
1060112003;洪奇官;橙
1050212001;黑衣人;紫
1180301001;北堂燕;橙
1180301002;易龙;橙
1300322001;莆田寺弟子;紫
1030412001;王翼;橙
1030113001;淑芬;橙
1250101001;宋红冰;蓝
1250101002;李莹;橙
1250101003;蟾谷;橙
1250101004;鹤丛;橙
1250101005;虎丘;紫
1250314001;贤陵真人;金
1250314002;孙婆婆;金
1130121001;苏云窕;紫
1230301001;耳听怒;金
1230301002;眼看喜;金
1230301003;赤刀老祖;暗金
1230301004;常自如;蓝
1230301005;耳听怒;橙
1230301006;孔甲己;绿
1230301007;冯晓华;绿
1230301008;齐小伍;绿
1000114001;张少爷;暗金
1000114002;张小缨;暗金
1000114003;商人保镖;暗金
1000114004;商人保镖;暗金
1000114005;商人保镖;暗金
1000114006;商人保镖;暗金
1000114007;保镖;金
1000114008;白衣教头目;金
1000114009;何皮皮;暗金
1000114010;包子;暗金
1000114011;吱吱;暗金
1000114012;哈斯娜;暗金
1000114013;阿强;暗金
1000114014;嘎嘎;暗金
1000114015;剑哥;暗金
1000114016;晨哥;暗金
1000114017;疯癫乞丐;暗金
1300314001;莆田寺长老;橙
1000024001;恶霸;白
1000024002;鳄老三;绿
1000024003;小叫花;绿
1000024004;鳄老三;绿
1000024005;周顽童;绿
1000024006;周顽童;绿
1000024007;白衣教高手;蓝
1000024008;白衣教小头目;紫
1280301001;柯玉;蓝
1170221002;路云景;暗金
1170221003;穆晚笙;紫
1170221004;秦瀛洲;金
1170221005;利景山;金
1170221006;罗太行;金
1000024015;少林老和尚;白
1000024016;少林小和尚;白
1050114001;六扇门杭州守卫;蓝
1050114002;本杰明;紫
1050114003;李时政;白
1050114004;张得志;绿
1050114005;马清扬;蓝
1050114006;王铁龙;绿
1050114007;灵能住持;绿
1030101001;万地灵;绿
1030101002;范号色;绿
1030101003;李大嘴;绿
1030101004;白玉堂;绿
1030101005;轩辕光;蓝
1030101006;苏乞儿;蓝
1030101007;白小青;蓝
1030101008;冯大叔;绿
1030101009;空妙妙;紫
1030101011;孟虫虫;白
1030101012;朱厚黑;紫
1030101013;孟大婶;白
1030101014;韦大宝;绿
1030101015;傅超;白
1030101016;楼俊杰;绿
1030101017;东方小亮;暗金
1030101018;虾球;蓝
1030101019;半瓶神仙醋;橙
1220221001;万经亘;橙
1220221002;胡修齐;金
1220221003;王富贵;紫
1130322001;黑风山贼;白
1180113001;沈潇潇;金
1080101001;苏梅;白
1080314001;任天行;暗金
1080314002;东方无敌;暗金
1080314003;东方天下;暗金
1070414001;九黎人秘藏;暗金
1060301001;天地会成员;绿
1060301002;南宫秦;橙
1060301003;陈近南;金
1180322001;北堂家仆;紫
1180322002;凡云庄弟子;绿
1000012001;任万丈;橙
1000012002;邢安阳;金
1000012003;段老大;橙
1000012004;叶二姐;橙
1000012005;鳄老三;橙
1000012006;鹤老四;紫
1000012007;齐云药;暗金
1000012008;游迟迟;金
1230113001;杨星魂;橙
1000012010;白衣随从;蓝
1000012011;范号色;绿
1000012012;范号色;绿
1230113005;王发财;紫
1230113006;小小刚;紫
1000012015;江灵露;橙
1230113008;小小羿;紫
1230113009;糖老板;紫
1230113010;刘年久;紫
1230113011;小二;紫
1000012020;燕飞鹏;暗金
1230113013;稻小香;紫
1230113014;刘笃圣;紫
1230113015;钱滚滚;紫
1000012024;善不为;蓝
1130101001;觉晨;紫
1130101002;行痴和尚;紫
1130314001;周仓平;绿
1210313001;风冲;橙
1110301001;仪敏;紫
1110301002;仪敏;紫
1110301003;灵云;紫
1110301004;仪函;橙
1110301005;仪清;紫
1110301006;慧闲师太;暗金
1110301007;仪敏;紫
1230322001;雪山派弟子;绿
1230322002;血杵;紫
1040112001;神秘长者;暗金
1180314001;北堂海;橙
1180314002;凡云庄长老;绿
1180314003;阿朱;橙
1160301002;刀柚子;紫
1160301003;元奇峰;橙
1160301004;蓝鸣凰;暗金
1160301005;阿幼朵;绿
1160301006;熊代卡;绿
1160301007;付丹英;蓝
1280322001;侠客门弟子;绿
1010412001;宇文珂;暗金
1010412002;徐超渊;暗金
1320000001;刘一明;暗金
1320000002;刘一明;暗金
1320000003;刘一明;暗金
1320000004;刘一明;暗金
1320000005;刘一明;暗金
1320000006;刘一明;暗金
1090325001;玉棋子;金
1090325002;玉鼎子;金
1090325003;玉琴子;金
1090325004;玉音子;金
1090325005;玉鸣子;暗金
1090325006;广行道长;暗金
1090325007;广乙道长;暗金
1090325008;广柏道长;暗金
1230314001;鼻嗅爱;紫
1090325010;莫邪子;暗金
1090325011;玉言子;金
1090325012;蒋仁;金
1090325013;寒候;蓝
1090325014;义剑门弟子;绿
1210301001;霜蒹葭;金
1210301002;霜姗姗;紫
1210301003;劳友记;蓝
1210301004;独孤清扬;暗金
1210301005;候冠;蓝
1210301006;西门楚;紫
1210301007;霜姗姗;绿
1210301008;谷玉楼;绿
1210301009;刘三标;绿
1210301010;于安平;蓝
1210301011;西门一;橙
1280314001;雪平;蓝
1260301001;安教主;紫
1030114001;陆人杰;白
1060322002;南宫家仆;蓝
1030114003;白久;白
1030114004;杜老千;绿
1110113001;纹银;橙
1420000001;风冲的试炼;暗金
1420000002;纹银的试炼;暗金
1420000003;薛蔓的试炼;暗金
1420000004;沈潇潇的试炼;暗金
1420000005;淑芬的试炼;暗金
1420000006;杨星魂的试炼;暗金
1420000007;郭鹏举的试炼;暗金
1420000008;江灵露的试炼;暗金
1010101001;宇文庄护卫;金
1010101002;宇文庄护卫;金
1010101003;集市护卫;金
1420000012;韩归尘的试炼;暗金
1420000013;刘一明的试炼;暗金
1420000014;柯力思的试炼;暗金
1420000015;阿良的试炼;暗金
1420000016;东方小亮的试炼;暗金
1420000017;张天师的试炼;暗金
1420000018;张三峰的试炼;暗金
1420000019;赤刀老祖的试炼;暗金
1420000020;弘正方丈的试炼;暗金
1420000021;孤绝师太的试炼;暗金
1420000022;蒋义的试炼;暗金
1420000023;君不器的试炼;暗金
1420000024;任天行的试炼;暗金
1420000025;东方无敌的试炼;暗金
1420000026;莫邪子的试炼;暗金
1420000027;周天涯的试炼;暗金
1420000028;蓝鸣凰的试炼;暗金
1420000029;海蟾真人的试炼;暗金
1420000030;黄齐山的试炼;暗金
1420000031;唐赢的试炼;暗金
1420000032;蒋胜英的试炼;暗金
1420000033;鲁长老的试炼;暗金
1420000034;春花的试炼;暗金
1420000035;吕良策的试炼;暗金
1420000036;汤鸿宇的试炼;暗金
1420000037;阮成文的试炼;暗金
1420000038;飘渺子的试炼;暗金
1420000039;庄乐天的试炼;暗金
1420000040;秦晨的试炼;暗金
1000201001;钥匙管理者;蓝
1420000042;眼看喜的试炼;暗金
1420000043;弘业的试炼;暗金
1420000044;弘音的试炼;暗金
1420000045;明远师太的试炼;暗金
1420000046;明虚师太的试炼;暗金
1420000047;明玄师太的试炼;暗金
1420000048;包仁公的试炼;暗金
1000414001;张大山;紫
1420000050;岳天傲的试炼;暗金
1420000051;霜蒹葭的试炼;暗金
1420000052;独孤清扬的试炼;暗金
1420000053;向鸿飞的试炼;暗金
1420000054;庞多端的试炼;暗金
1420000055;秦明远的试炼;暗金
1420000056;杜岳昇的试炼;暗金
1420000057;莫折枝的试炼;暗金
1420000058;张道玄的试炼;暗金
1420000059;余潮的试炼;暗金
1420000060;白飞尘的试炼;暗金
1420000061;元孤舟的试炼;暗金
1420000062;伏天斌的试炼;暗金
1420000063;路云景的试炼;暗金
1420000064;秦瀛洲的试炼;暗金
1420000065;利景山的试炼;暗金
1420000066;罗太行的试炼;暗金
1420000067;李遁一的试炼;暗金
1420000068;严高轩的试炼;暗金
1420000069;黄昭的试炼;暗金
1420000070;胡修齐的试炼;暗金
1420000071;斐青衣的试炼;暗金
1420000072;萧望潮的试炼;暗金
1000029001;丐帮田小六;暗金
1000029002;玄机门田小六;暗金
1000029003;长生门田小六;暗金
1000029004;少林田小六;暗金
1000029005;武当田小六;暗金
1000029006;峨嵋田小六;暗金
1000029007;五岳宗田小六;暗金
1000029008;全真田小六;暗金
1000029009;逍遥田小六;暗金
1000029010;赤刀田小六;暗金
1420000083;任窈窈的试炼;暗金
1000029012;天阴田小六;暗金
1000029013;五毒田小六;暗金
1000029014;恒山田小六;暗金
1000029015;铸剑田小六;暗金
1000029016;龙门田小六;暗金
1000029017;白衣田小六;暗金
1000029018;官府田小六;暗金
1000029019;唐门田小六;暗金
1000029020;江湖田小六1;暗金
1000029021;江湖田小六2;暗金
1000029022;江湖田小六3;暗金
1000029023;不动木桩;暗金
1420000096;白小青的试炼;金
1420000097;阿刚的试炼;橙
1420000098;阿羿的试炼;橙
1420000099;了知的试炼;金
1420000100;钟达的试炼;金
1070001001;九黎人打扮的人;白
1070001002;九黎人打扮的人;白
1070214001;席木点;金
1060101001;张小鱼;白
1060101002;北斋;紫
1240325003;刘铁面;金
1060101004;何不缺;白
1060101005;韦花娘;橙
1240325006;谢谦;金
1240325007;张辅机;暗金
1240325008;范优游;暗金
1060314001;南宫燕;紫
1060314002;茅元八;橙
1060101015;汉家松鼠成功;暗金
1060101016;南山派长老;金
1060101017;南山派弟子;紫
1060101018;南山派弟子;紫
1050201001;白云龙;紫
1050201002;王徽莹;白
1000025003;武超云;金
1000025004;左人彦;蓝
1000025005;王守之;紫
1000025007;龙门镖局弟子;紫
1000025008;吕常之;紫
1000025009;天机子;暗金
1000025010;虚竹;金
1000025011;丁无夏;金
1000025012;苏银河;白
1000025013;陆一其;金
1000025014;毒巨蟾;金
1000025015;毒蛇猛兽;金
1000025016;五毒俱全;橙
1000025017;赤口毒舌;橙
1000025018;以毒攻毒;橙
1000025019;东方无敌;暗金
1000025020;任天行;暗金
1000025021;任窈窈;金
1000025022;贾布;橙
1000025023;鲍大楚;橙
1000025024;曲洋;金
1000025025;上官云;橙
1000025026;赤刀门长老;橙
1000025027;天荷师太;金
1000025028;莫如先生;金
1000025029;莫蓓蓓;金
1040301001;洪昌;橙
1000025034;吉祥小师妹;橙
1000025035;清扬散人;暗金
1000025036;封不平;橙
1000025037;成不忧;橙
1000025038;穆人清;金
1000025039;归辛树;金
1000025040;丛不弃;橙
1130114001;了悟;绿
1160322002;五毒教弟子;紫
1000025043;马玉;金
1000025044;郝童;橙
1000025045;方征大师;金
1000025046;弘远;金
1000025047;方鸣大师;金
1000025048;弘慈;金
1000025049;渡劫;金
1000025050;蓝鸣凰;暗金
1000025051;何红手;橙
1000025052;岑其斯;金
1000025053;蝎长老;橙
1000025054;蛇长老;橙
1000025055;蛛长老;橙
1000025056;蜈长老;橙
1000025057;蟾长老;橙
1000025058;灵灵子;金
1000025059;周天涯;暗金
1000025060;童巫;金
1000025061;康广陵;橙
1000025062;黄衣娘;金
1000025063;绝婆婆;金
1000025064;紫婆婆;金
1110101001;钟婆;金
1110314001;仪闻;紫
1090301001;莫邪子;紫
1090301002;汤学义;绿
1090301003;溥文山;绿
1090301004;谷成益;蓝
1210322001;西门家仆;绿
1210322002;周混元;紫
1420000095;莫蓓蓓的试炼;金
1420000094;金书蕾的试炼;金
1420000093;李小虎的试炼;金
1420000092;阿月的试炼;橙
1420000091;宛若南的试炼;暗金
1420000090;高升洁的试炼;暗金
1420000089;圆通大师的试炼;暗金
1420000088;邢不醉的试炼;暗金
1420000087;韦花娘的试炼;暗金
1420000086;苏锦伊的试炼;暗金
1420000085;林致远的试炼;暗金
1420000084;熊瑛的试炼;暗金
1420000082;洪奇官的试炼;暗金
1420000081;段康的试炼;暗金
1420000080;弘清的试炼;暗金
1420000079;冬雪的试炼;暗金
1420000078;秋月的试炼;暗金
1420000077;夏云的试炼;暗金
1420000076;洪昌的试炼;暗金
1420000075;杜小符的试炼;暗金
1420000074;张小缨的试炼;暗金
1420000073;玉非烟的试炼;暗金
1420000011;平凡的试炼;暗金
1420000010;兰霜容的试炼;暗金
1420000009;杨雪峰的试炼;暗金
100000209;万慕;紫
100000210;柴音景;紫
1420000041;耳听怒的试炼;暗金
100000169;吴之;绿
1420000049;马宁远的试炼;暗金
100000141;韦虹;紫
100000140;萧池;紫
1020112001;田老六;白
1020112002;李大娘;白
1020112003;李小虎;蓝
1020112004;可疑的木桩;金
1020112005;可疑的木桩;蓝
1020112006;阿月;白
1020112007;阿刚;白
1020112008;阿羿;白
1020112009;李大娘;白
1020112010;田老六;白
1020112011;黑风寨劫匪;白
1020112012;望江坞劫匪;绿
1020112013;黄沙窟劫匪;蓝
1020112014;连环寨劫匪;蓝
1020112015;九江坞劫匪;紫
1020112016;翻江寨劫匪;橙
1020112017;震天庄劫匪;金
1160314002;蓝幽鸾;金
1020112019;丹阳窟劫匪;暗金
100000139;公孙城;紫
100000138;成嘉德;蓝
100000137;吕傅;紫
100000233;卜玉;紫
100000234;厉凝然;蓝
100000235;钱光济;紫
100000122;孙子濯;橙
100000121;郑嘉德;紫
100000115;萧巴;橙
100000114;毕克;蓝
100000113;毕玉龙;橙
100000105;梁悦;蓝
100000084;马梁宇;蓝
100000083;牛泉;绿
100000082;华光和;紫
100000081;茅和风;蓝
100000078;郁茗;紫
100000077;秦其乐;绿
100000076;厉学博;蓝
100000075;张漪;绿
100000074;顾博文;橙
100000073;茅斯;橙
100000018;祝茗;蓝
100000017;郁誉;金
100000012;安沁;紫
100000011;慕容擎天;蓝
100000010;左力;橙
100000009;马峰;绿
100000985;铁娅;紫
100000984;公欣诺;橙
100000983;司徒萧玉;蓝
100000982;顾萧玉;金
100000981;公孙乐;白
100000980;祝雪;绿
100000979;卜山;蓝
100000978;铁心慈;白
100000977;安储;白
100000976;孙友;紫
100000975;牛翰飞;金
100000974;祝叶芳;金
100000973;周安邦;紫
100000972;沐山;橙
100000971;步慕;绿
100000970;陈三;橙
100000969;卜和硕;暗金
100000968;马侬绮;蓝
100000967;茅兴运;橙
100000966;段彪;蓝
100000965;崔盼曼;绿
100000964;铁谷冬;白
100000963;成前;紫
100000962;赵翰飞;暗金
100000961;阳坊;白
1140301001;莫仙殿;蓝
1140301002;菘蓝;绿
1140301003;紫苏;绿
1140301004;半夏;紫
1000013005;黑衣人;绿
1000013006;长生门弟子;白
1000013007;岳黛滢;紫
1000013008;三手通天;紫
1000013009;澹台灭明;橙
1000013010;江湖侠客;白
1000013011;岳黛滢;橙
1000013012;范老头;白
1000013013;岳不爽;紫
1000013014;黄霖;金
1000013015;陆永;绿
1000013016;模糊的身影;蓝
1000013017;铁墓真;金
1000013018;铁穆真;金
1000013019;朝廷特使;蓝
1000013020;何萍姑;蓝
1000013021;周伯通;白
1000013022;周天涯;金
1000013023;明教高手;紫
100000960;司徒力;橙
100000959;何娅;绿
1000013026;重九;橙
1000013027;赵念;紫
100000958;方侬绮;白
1000013029;官兵;蓝
1000013030;刘苍益;紫
100000957;郑含;金
100000956;皇甫梁宇;紫
100000955;牛庆;蓝
1000013034;仆人;白
100000954;柴叶春;绿
100000953;卜文敏;蓝
100000952;吴中辉;紫
1000013038;大守护者;金
1000013039;守护者;紫
1060223001;武锋;暗金
100000951;孟育;橙
1000013042;王伊水;紫
100000950;万柔谨;紫
100000949;宫誉;蓝
1000013045;秦亦舒;绿
1000013046;权长卿;绿
1000013047;小愣子;绿
1000013048;老婆子;白
1000013049;官兵;蓝
1000013050;耶律洪;橙
1000013051;完颜打;金
1000013052;端木川;金
1000013053;关外胡人;紫
100000948;欧阳和美;白
1000013055;纹银的善念;暗金
1000013056;纹父;蓝
1070112001;春燕;紫
1070112002;段康;橙
1070112003;姜氏;蓝
1070112004;段和景;橙
1070112005;李良;蓝
1000013062;江湖人士;白
1000013063;江湖人士;蓝
1000013064;独二;金
1000013065;欧阳家丁;绿
1000013066;欧阳七;橙
1000013067;李若愁;金
1000013068;官兵;绿
1000013069;绿林英雄;绿
1000013070;江无双;紫
1000013071;玉龙山小弟;绿
1000013072;官兵;紫
1210314001;西门云;蓝
1210314002;君不器;暗金
1210314003;岳天傲;金
1000013076;席脉脉;橙
1000013077;少女;紫
1000013078;杨靖瑶;绿
1000013079;风冲;橙
1000013080;说书人;紫
1000013081;酒坛;白
1000013082;天地会线人;紫
1000013083;薛林峰;橙
1000013084;知府;金
1000013085;巡抚;金
1000013086;皇宫侍卫;暗金
1000013087;小太监;蓝
1000013088;茅学旺;橙
1000013089;柴成周;金
1000013090;二狗子;紫
1000013091;水匪头子;橙
1000013092;大内高手;暗金
1000013093;吴不知;金
1000013094;单花;蓝
100000947;皇甫盼曼;紫
100000946;周语琦;蓝
100000945;段音景;橙
100000944;司徒博文;绿
100000943;金含;紫
100000942;华庆;橙
100000941;欧阳友;白
100000940;沐清;蓝
100000939;潘嘉德;橙
100000937;司徒达;绿
1040101003;王石头;绿
1040101005;徐老头;绿
1000024009;流浪武士;紫
1000024010;流浪武士;蓝
1000024011;白衣教护卫;橙
1000024012;白衣教护卫;蓝
1000024013;丐帮乞丐;白
1000024014;长生门弟子;白
1000024017;全真道士;白
1000024018;武当弟子;白
1000024019;流浪武士;白
1000024020;白衣教护卫;白
1310224001;流浪武士;蓝
100000921;孙凝然;金
1310224002;白衣教护卫;蓝
1000024021;天干傀儡;白
1000024022;地支傀儡;白
1000018001;田小六;紫
1000018002;风冲;橙
100000910;王子昂;蓝
100000909;郁斯;蓝
100000908;钟烟;绿
100000907;厉听露;橙
100000906;崔安;白
1080221001;范荣轩;橙
1080221002;乔无忧;紫
1080221003;刘一明;暗金
1080221004;祁晏晏;橙
1080221005;胡烈;橙
1290322001;断情谷弟子;绿
1290322002;唐门弟子;紫
100000905;吕兴运;紫
100000904;凌顾菱;橙
100000903;柴文瑞;绿
100000902;王丹;蓝
100000901;欧阳普存;蓝
100000900;吕子杰;白
100000899;厉坚成;橙
100000898;凌叶春;暗金
100000897;宫婉;蓝
100000896;厉漪;橙
100000895;崔露;白
100000894;沙兰;紫
100000893;何之罗;橙
100000892;潘诗婷;蓝
100000891;林心慈;绿
100000890;欧阳枫;紫
100000889;班达;绿
100000888;潘舒;白
100000887;萧婉;蓝
100000886;金芝;橙
100000885;上官茗;白
100000884;沐静宜;绿
100000883;步原;绿
100000882;周从;白
100000881;萧彪;绿
1040113001;秦忠贤;橙
1040113002;郭鹏举;橙
1040113003;黑色禁药;橙
1040113004;妇人;绿
1040113005;黑衣刺客;绿
1040113006;唐门低级弟子;绿
1040113007;峨嵋低级弟子;绿
1040113008;张三;蓝
100000880;卜舒;橙
100000879;茅国兴;蓝
100000878;顾谷冬;白
100000877;叶以晴;绿
100000876;凌伯;白
100000875;上官丁辰;蓝
100000874;汤根;绿
100000873;梁亨;蓝
1000027019;白衣圣女;暗金
1000027020;武林盟主;暗金
1000027021;武林盟圣女;暗金
1000027022;出家之人;暗金
1000027023;出家信女;暗金
1000027024;修道之人;暗金
1000027025;修道之女;暗金
1000027026;云鬓销魂;暗金
1000001201;宇文珂;金
100000643;云晨;绿
100000644;吴和硕;白
100000657;叶本;紫
1000214001;黑市商人;暗金
1000026004;裘良才;橙
1230113004;周睹侠;紫
100000849;方本;橙
1030213001;胡一指;金
100000847;宫誉;绿
100000846;宫嘉胜;橙
100000845;宫曾琪;绿
100000844;步惠;蓝
100000843;秦建业;绿
100000842;陈娇;紫
100000841;赵蝶梦;紫
1260314001;龙神圣女;蓝
1000027018;白衣之主;暗金
1000027017;霸道盟圣女;暗金
1000001429;木桩;金
1230113002;许承孝;橙
1020112018;锦帆坞劫匪;暗金
1230113003;珊瑚蛇;紫
1310101001;灵曼;暗金
1310101002;灵若;暗金
1220313004;神秘女子;暗金
1220313003;神秘男子;暗金
1220313002;阿良;暗金
1220313001;游迟迟;暗金
1140314001;炼丹炉;白
1000026001;郑景天;橙
1000026002;牛泰然;橙
1120313001;阮成文;金
1090322002;铸剑家仆;蓝
1090322001;铸剑山庄弟子;紫
1000013061;白衣教头目;紫
1000012023;司空泰;紫
1000012021;游迟迟;暗金
1000012019;邢安阳;暗金
1000012018;王翼;暗金
1140121001;朗白条;紫
1000012017;沈冰;金
1000012016;江南道;暗金
1000012014;仇不均;暗金
1050214001;辛磊;金
1070114002;大理亲卫;绿
1250325003;王初心;金
1000012013;包打听;金
1310201033;腿尊;绿
100000785;皇甫宏厚;暗金
1000012009;神秘男子;金
1230113007;小小月;紫
1230113012;斗香人;紫
1230113016;山贼;白
100000778;萧音景;蓝
100000777;周流逸;蓝
1310201041;复仇之魂;蓝
1310201043;亡命之徒;蓝
1310201044;游迟迟;金
1310201045;武锋;金
1000025002;陆凡云;橙
1000025001;李秋泪;金
1230325003;身本忧;橙
1260322001;龙神教弟子;蓝
100000265;毕玲然;紫
100000266;金静宜;绿
100000267;崔浩博;绿
100000268;陈沛儿;橙
100000269;张之罗;紫
100000270;毕丹;绿
100000271;马中;蓝
100000272;木菊;紫
1240301001;杨逍遥;金
1240301002;梅绝云;金
100000273;华烟;白
100000274;公孙友;橙
100000275;华汇;橙
100000276;毕笙;紫
100000277;左芳蕙;绿
100000278;凌翠;蓝
1040322001;姚钱;蓝
1040322002;五虎门弟子;绿
100000279;欧阳炅;白
100000745;牛玲然;紫
100000715;公忆敏;紫
100000714;方丁辰;蓝
100000713;厉傲;橙
100000329;上官烟;蓝
100000330;万玉;暗金
100000331;梁凡;橙
100000681;贾坊;紫
100000337;凌萧玉;橙
100000353;上官冬菱;橙
100000354;钟瑰玮;蓝
100000361;皇甫伟志;白
100000401;崔虹;白
100000457;欧阳含易;金
100000458;贾亚;暗金
100000459;吕叶芳;白
100000460;宫碧函;金
100000661;韦光济;白
100000660;李沁;蓝
100000659;张静宜;蓝
100000658;安浩博;蓝
1000001001;丘筑基;金
1000001002;郭芳;暗金
100000648;周诸;绿
1000001004;东方无敌护卫;蓝
1000001005;周尚武;紫
1000001006;五岳流氓弟子;白
1000001007;五岳泰山弟子;绿
1000001008;梅花翁;金
1000001009;伯牙子;紫
1000001010;棋疯魔;紫
1000001011;书破卷;紫
1000001012;画中仙;紫
1000001013;王府守卫;蓝
100000647;韦三;紫
100000646;蒋虎;金
1000001016;岳袁飞;蓝
100000645;安涛;绿
1000001018;朱雀堂弟子;蓝
1000001019;王府护卫;白
1000001020;王府守卫;紫
1000001021;酒不醉;白
100000642;成嘉誉;紫
100000641;林怀;紫
100000640;皇甫宏朗;紫
100000639;卜普存;紫
100000638;司徒含;绿
1000001027;白衣使者;紫
100000637;安翰飞;白
100000636;钱涛;白
100000635;云誉;蓝
100000634;木德运;绿
100000633;班海;蓝
1170325001;孤别师太;金
1170325002;孤泣师太;金
100000465;金惠;橙
100000481;孟侬绮;紫
100000513;柴清莹;绿
100000621;钱根;绿
100000620;钱文敏;白
100000619;汤端雅;绿
100000618;万国兴;绿
1000001042;天阴教弟子;蓝
1000001043;峨嵋弟子;绿
100000617;铁莘莘;紫
100000616;梁丹;白
100000615;宫奉;紫
1000001047;齐小伍;绿
1000001048;孔甲己;绿
1000001049;冯晓华;蓝
1000001050;黄少天;绿
1000001051;正派侠客;金
1000001052;白芊芊;金
1000001053;仇不均;金
100000614;马诸;紫
100000514;钱觅露;金
100000606;萧冷;紫
100000605;陈亚;白
1000001058;莫正;紫
1000001059;石开山;紫
1000001060;东方无敌;暗金
1000001061;江依萍;橙
1000001062;武当派弟子;绿
1000001063;山贼喽罗;白
1000001064;仇不均;橙
1000001065;江湖群雄;蓝
1000001066;江湖群雄;蓝
1000001067;简长老;紫
1000001068;彭长老;金
1000001069;神秘的老乞丐;暗金
1000001070;余凯;白
1000001071;鲁大脚;金
1000001072;小乞丐;白
1000001073;保镖;蓝
1000001074;僧人;白
1000001075;黑衣男子;白
1000001076;南宫世家众;蓝
1000001077;男徒弟;暗金
1000001078;女徒弟;暗金
1000001079;明教精英;橙
1000001080;天阴教弟子;白
1000001081;赤刀门弟子;蓝
1000001082;地痞;蓝
1000001083;阿黄;蓝
100000604;阳柔;绿
1000001085;狗子;蓝
1000001086;官兵;金
1000001087;女子;绿
1000001088;男子;紫
1000001089;莫蓓蓓;蓝
1000001090;长生门大弟子;蓝
1000001091;神秘人;绿
1000001092;江湖群雄;蓝
1000001093;御厨;绿
1000001094;痞子张;绿
1000001095;流浪厨师;绿
1000001096;金无名;橙
1060413001;薛斯;白
1290301002;唐赢;暗金
1060413003;薛迟;白
1290301004;唐茉茉;橙
1000001101;任天行;暗金
1000001102;左宗禅;金
1000001103;玄慈大师;金
1000001104;龙门镖局大弟子;绿
1290301009;唐幽篌;蓝
1290301010;唐幽竺;紫
1290301011;唐百愁;金
1000001108;地痞;白
1000001109;慧闲;蓝
1000001110;晦朔真人;暗金
100000603;郁怀;紫
1000001112;许怜;蓝
1000001113;白芙蓉;蓝
1000001114;孤绝师太;暗金
1000001115;沅水清;绿
1000001116;陆龙飞;蓝
1000001117;江湖侠客;蓝
1000001118;官兵;蓝
1000001119;李洛;绿
1000001120;樊纲;紫
1000001121;白衣教哨兵;蓝
1000001122;白衣教守卫;紫
1000001123;官兵;白
1000001124;喽罗;白
1000001125;山贼头领;蓝
1000001126;武当弟子;紫
1000001127;刀痴;蓝
1000001128;奔奔;蓝
1140113001;兰霜容;橙
1000001130;林无心;橙
1000001131;杨过_;暗金
1000001132;小龙女_;金
1000001133;谢谦_;金
1000001134;乔峰_;暗金
100000602;司徒胜;蓝
100000601;王翠;蓝
1000001137;胡非;紫
1000001138;强盗;橙
1000001139;田小六;紫
1000001140;天阴教弟子;蓝
100000600;马枫;白
100000599;郑育;蓝
1000001143;秦红棉;蓝
1000001144;十八铜人;绿
1000001145;十八铜人;绿
1000001146;十八铜人;绿
1000001147;少林小弟子;蓝
1000001148;儿童;紫
1000001149;扶叶;蓝
1000001150;高见泰;蓝
1000001151;五枚师太;紫
1000001152;至善禅师;紫
1000001153;白眉道长;紫
1000001154;冯道德;紫
1000001155;苗显;紫
1000001156;村民;蓝
1000001157;村民;蓝
1000001158;村民;蓝
1000001159;村民;蓝
1000001160;延行法师;蓝
1000001161;神秘男;白
1000001162;和尚的背影;蓝
1000001163;高治;白
1000001164;镇民;白
1000001165;拳法教官;绿
1000001166;刀法教官;绿
1000001167;棍法教官;绿
1040101008;钱发才;绿
1000001169;马青龙;橙
1040101010;鲍洪毛;绿
1040101011;花花;白
1040101012;飞飞;白
1040101013;童童;绿
1040101014;夏老头;紫
1040101015;猎户张;绿
1000001176;龙门镖局弟子;蓝
1000001177;五毒教弟子;紫
1000001178;白衣教眼线;绿
1000001179;地痞;白
1000001180;白衣教弟子;蓝
1000001181;青龙帮恶霸;绿
1000001182;白衣教精英;橙
1000001183;白衣教精英;蓝
1000001184;御剑宗弟子;白
1000001185;禁军头领;紫
1000001186;峨嵋弟子;白
1000001187;仪清;橙
1000001188;中年妇女;白
1000001189;白衣教小头目;蓝
1000001190;白衣教精英;紫
1000001191;作恶的强盗;蓝
1000001192;新弟子;白
1000001193;老王头儿;蓝
1030201002;金书蕾;蓝
1030201003;了知;紫
1030201004;钟达;紫
1030201005;刘芒戈;金
1000001198;甘宝宝;蓝
1030201007;季守志;蓝
1030201008;洪衣;绿
1030201009;赵小余;橙
1030201010;赛庭;金
1030201011;陈迦蕊;绿
1030201012;陈迦蕊;绿
1030201013;田相;橙
1030201014;传梓;橙
1000001207;秦中居士;暗金
1000001208;倚天女侠;暗金
1000001209;佝偻毒影;暗金
1000001210;张三;紫
1000001211;乌马儿;绿
100000598;步炅;绿
1000001213;天地会精英;蓝
1000001214;武当弟子;白
1000001215;觉晨;蓝
1000001216;弘清;橙
1000001217;武当弟子;绿
100000597;宫泉;蓝
1000001219;神秘人士;紫
1000001220;神秘人士;紫
1000001221;少林精英;金
1000001222;夏云;橙
1000001223;劫匪;白
1000001224;玄机门弟子;紫
1000001225;玄机门弟子;紫
1230221002;关山;橙
1230221003;斐青衣;金
1230221004;萧望潮;暗金
1230221005;玉非烟;金
1230221006;阿良;暗金
100000596;金兰;暗金
1000001232;韩东雷;金
1140322001;家仆;绿
1000001234;偷懒的傀儡;白
1140322003;青龙帮弟子;白
1000001236;聚集的民众;蓝
1000001237;恶霸;蓝
1000001238;天阴教弟子;蓝
1000001239;五岳五岳宗弟子;白
1000001240;周天涯;暗金
1000001241;左净;绿
1000001242;钟婆;蓝
100000595;厉语堂;白
100000594;金丁辰;绿
100000593;孙绿旋;蓝
1000001246;席长老;橙
1000001247;辛长老;橙
1000001248;铁长老;橙
1000001249;盖长老;橙
1000001250;洪昌;紫
1000001251;小赖利;紫
1000001252;郭鹏举;紫
1000001253;郭八挂;紫
1000001254;雷老虎;紫
1000001255;大内高手;橙
100000592;孙向雁;白
1010401001;酒坛;白
1010401002;酒缸;白
1010401003;酒缸;白
1000001260;田小六;紫
1000001261;男主角1;白
100000591;马誉;白
100000590;欧阳安邦;橙
100000589;郑储;蓝
100000588;张博远;蓝
100000587;王乃亮;绿
1000001267;少林弟子;白
100000586;周作人;紫
1000001269;陶天师;橙
1000001270;高级山贼;蓝
1000001271;山贼群伙;蓝
1000001272;山贼群伙;蓝
1000001273;山贼群伙;蓝
1170113001;薛蔓;橙
100000585;皇甫光和;蓝
100000529;公孙诗婷;蓝
1070101001;赵安平;绿
1070101002;扁雁;绿
1070101009;宛若南;橙
1230314002;白鹫;绿
1030114002;陆遥;白
1110322001;峨嵋弟子;蓝
1000001283;江湖侠客;紫
1160113001;游逸之;橙
1240325001;阳天明;暗金
1240325002;林颠;金
1060101003;李太白;绿
1000001288;段和誉;橙
1240325004;韩冷冠;金
1240325005;唐布袋;金
1060101006;摸金校尉;紫
1060101007;人面蜘蛛;紫
1060101008;了慧;蓝
1060101009;秃鹰;橙
1060101010;薛北平;白
1050201003;鼻嗅爱;橙
1000001297;段玉;橙
1040301002;郭八挂;紫
1000001299;燕子复;橙
1040301003;小赖利;紫
1040301005;王夫人;紫
1040301006;郁安之;蓝
1040301007;蒋义;暗金
1040301008;天牢守卫;橙
1040301009;连花;绿
1040301010;连落;绿
1040301011;老苍头;蓝
1040301012;小钻风;绿
1000001309;天山老巫;暗金
1040301013;卢直;绿
1040301014;刀正义;绿
1250301001;碧玄真人;暗金
1250301002;海蟾真人;暗金
1250301003;段婆婆;金
1100322001;逍遥仙宫弟子;紫
1060212001;武锋;金
1000001196;宇文夫人;紫
1000013057;贴身侍卫;金
1000013059;陆彦;橙
1000001320;左子穆;蓝
1000001321;韦二宝;蓝
1000001322;赵老爷;紫
1000001323;赵兰香;蓝
1000001324;段秀才;紫
1000001325;行脚商;蓝
1000013060;大内高手;橙
1230325001;舌常思;金
1000013073;绿林英雄;绿
1000013074;杨母;紫
1000013075;杨父;紫
1040201001;秦忠贤;暗金
1190301001;东方齐;橙
1000001233;张三;紫
1190121001;沈独;紫
1040114001;唐卦裳;绿
1000001206;太极真人;暗金
1000001205;黑帝魔君;暗金
1000001338;宝箱;白
1000001339;宝箱;白
1000001340;宝箱;白
1000001341;瘸师兄;紫
1000001204;孩童;白
1000001343;王夫人;绿
1000001344;姬人;蓝
1000001345;蛇奴;蓝
1000001203;追杀者;金
1000001202;追杀者;金
1000001195;山贼;蓝
1290301008;唐幽箜;绿
1040314002;郁镇南;紫
1230221001;荀华翎;橙
1000001352;李傀儡;白
1070301001;焦荣大师;金
1000001354;全真教弟子;白
1000001355;定逸;金
1180221006;黄昭;金
1000001357;方正大师;暗金
1000001358;周天涯;暗金
1180221005;严高轩;金
1180221004;李遁一;暗金
1190322001;东方斋;紫
1000001362;灵鹫宫弟子;橙
1000001363;被删的角色;白
1180221003;王衍;紫
1180221002;柳明锋;橙
1180221001;全空空;橙
1000001367;主角;白
1170221001;伏天斌;暗金
1000001369;西门中天;暗金
1140221004;元孤舟;金
1000001371;独孤剑客;金
1000001372;秦化;绿
1000001373;峨嵋派弟子;蓝
1000001374;天阴教弟子;蓝
1000001375;炼药炉;白
1000001376;孩子;白
1000001377;教头;绿
1000001378;杭州牢头;紫
1000001379;大理牢头;紫
1000001380;六扇门掌门;蓝
1000001381;广州牢头;紫
1000001382;马夫;紫
1000001383;教头;紫
1000001384;教头;紫
1000001385;教头;紫
1000001386;将军;金
1000001387;官兵;绿
1000001388;将领;橙
1000001389;官兵;蓝
1000001390;教头;紫
1120221005;余潮;金
1120221004;苏云;橙
1120221003;柯力思;暗金
1120221002;鲁明深;紫
1120221001;张道玄;暗金
1000001396;门派队友4;白
1000001397;仇不均;暗金
1000001398;王翼;暗金
1000001399;武锋;暗金
1000001400;游迟迟;暗金
1000001401;邢安阳;暗金
1000001402;九黎人;白
1000001403;包仁公;蓝
1000001404;包仁公;蓝
1000001405;流浪武士;白
1110221002;郑知仁;橙
1110221001;陆巧巧;橙
1090221002;秦明远;金
1090221001;祝寒鸦;橙
1070221001;庞多端;金
1000025042;丘筑基;暗金
1000025041;海蟾真人;暗金
1000001105;流氓;白
1040101007;宋心正;蓝
1090325009;广松道长;暗金
1000001428;昆仑山宝藏;白
1140101001;夏云;橙
1140101002;冬雪;橙
1140101003;秋月;橙
1000001427;黑龙潭宝藏;白
1000001430;玄机门宝藏;白
1000001199;江湖百宝书;白
1050101009;逍遥仙宫弟子;紫
1040101009;围观群众;绿
1000001425;叩石;蓝
1000001426;叩石;蓝
1140314003;张天师;暗金
1140314004;莫心仁;绿
1000026005;祝文翰;橙
1000026006;丰学林;橙
1000026007;韩归尘;白
1000026008;苏蝶;白
1000026009;韦小宝;橙
1000026010;梅绝云;橙
1000026011;安通海;金
1000001129;江湖义士;蓝
1080301009;张权来;蓝
1000026014;白衣教高手;蓝
1000026015;祖智勇;橙
1000026016;宿飞尘;橙
1000026017;诸文成;橙
1000026018;区星河;橙
1000026019;扶天骄;橙
1000026020;张和玉;橙
1000026021;袁成礼;橙
1000026022;杨乐邦;橙
1000026023;何星剑;橙
1000026024;崔天禄;橙
1000026025;焦文彦;橙
1000026026;潘兴发;橙
1000026027;淳于间;橙
1000026028;赫连伟;橙
1000026029;巫马房;橙
1000026030;墨哈兴;橙
1000026031;傅弘义;橙
1000026032;璩子实;橙
1000026033;万兴朝;橙
1000026034;白经纬;橙
1000026035;韩非非;橙
1000026036;谭飞鹏;橙
1000026037;雷天干;橙
1000026038;杨天赋;橙
1000026039;狂热者;暗金
1000026040;狂热者;暗金
1000026041;恶不作;白
1000026042;皖南六盗;紫
1050101002;薛不吃;绿
1070101004;陈大娘;绿
1000026045;仪缘;紫
1000026046;向鸿飞;紫
1000026047;龙神教弟子;蓝
1000026048;仲元德;橙
1000026049;荀乐天;橙
1000026050;萧宏伯;橙
1000026051;熊魁梧;紫
1000026052;白衣魔君;暗金
1000026053;黑衣人;绿
1000026003;管同济;橙
1040101006;宋婆婆;绿
1000001097;岳天齐;紫
1120301001;秦晨;金
1120301002;庄乐天;金
1120301003;汤鸿宇;金
1120301004;张三丰;暗金
1120301005;吕崇文;橙
1120301006;李云飞;绿
1120301007;余云逸;蓝
1120301008;王云生;紫
1240322001;明教弟子;紫
1240322002;铁躯门弟子;绿
1000001098;峨嵋弟子;白
1000001099;林震南;紫
1000001100;岳天清;蓝
1290301005;唐尧;紫
1290301006;唐仁;蓝
1290301007;唐老太太;暗金
1060114001;邢不醉;橙
1060114002;孙鱼水;白
1060114003;范言;紫
1060114004;钱多多;白
1060114005;圆通大师;橙
1140314002;春花;金
1040101001;东方小亮;暗金
1040101002;风边外;绿
1060012001;黑衣人;紫
1040101004;乐显扬;蓝
1040314001;鲁长老;金
1000001170;打手;蓝
1000001171;追杀者;蓝
1000001173;江湖侠客;绿
1000001174;江湖侠客;绿
1000001175;江湖侠客;绿
1030201001;三生琴魔;紫
1000001194;禁军;蓝
1000001197;陶天师;金
1030201006;陈元;橙
1000001200;丐帮弟子;绿
1290301001;公孙无情;蓝
1290301003;唐人杰;橙
1140322002;当归;蓝
1000022001;五毒教弟子;紫
1000022002;天地会弟子;蓝
1000001235;逃跑的傀儡;白
1090314001;宵练;紫
1060413002;薛奥;白
1060413004;薛蔓之师;紫
1060413005;少奶奶;白
1060413006;薛父;白
1120313002;飘渺子;金
1060401001;何小宛;白
1290301012;唐百羡;金
1160322001;欧阳山庄弟子;蓝
1150301009;笑狮罗汉;蓝
1080322001;薛照临;紫
1060322001;天地会弟子;紫
